entity,norm,WHAT-GEN,WHY,WHAT-SYMPTOM,HOW-CURE,link
ACNE,여드름,"주로 얼굴에 나타나며 피부 피지선의 염증이나 차단에 의해 발생합니다.

연령 : 사춘기 청소년들과 젊은 층에서 많이 나타난다.
성별 : 남성들에게 흔하다.
유전 : 때로 가족력을 보인다.
생활습관 : 여드름 종류에 따라 위험 요인이 다양하다.

여드름에는 여러가지 종류가 있다. 가장 흔한 것이 심상성 여드름으로, 주로 십대에 나타난다. 남성에게 더 흔하며 증세가 심하다. 사춘기 때의 호르몬 변화에 의해 유발되며 십대 초반에서도 종종 볼 수 있다. 대개 청년기를 지나면 없어지지만 30세 이후에도 지속적으로 나타나는 경우가 있다. 여드름은 외모에 신경을 많이 쓰는 십대들에게 심한 정신적 스트레스를 줄 수 있다. 이외에도 직업적으로 노출되는 물질에 의해 생기는 직업성 여드름, 스테로이드 등의 약물 사용에 의해 생기는 약물 유발성 여드름 등이 있다.","심상성 여드름은 피지선에서 분비되는 피지의 과잉 생산과 관련이 있습니다.#
","여드름의 증상은 아래와 같습니다. 
* 작은 개방 면포가 생긴다.
* 작고 단단한 폐쇄 면포가 생긴다.
* 때로 노란 고름이 찬 붉은 구진이 나타난다.
* 통증이 있고 큰 붉은 멍울이 생긴다.#","다음의 간단한 자가치료법이 여드름을 치유하거나 재발을 막는 데 도움이 됩니다.
* 뜨겁지 않은 온수와 부드러운 세정제로 하루에 두 번씩 세안한다. 이때 얼굴을 심하게
  밀지 않는다. 세게 문지르거나 뜨거운 물을 사용하면 증상이 악화될 수 있다.
* 함부로 병변을 짜지 않는다.
* 매일 병변부에 벤조일 페록사이드를 바른다.
* 직업성 여드름이 있다면 원인물질과 장기간 접촉하지 않도록 의복을 깨끗이한다.#

","

http://www.snuh.org/health/encyclo/view/6/3/1.do"
ACTINIC-KERATOSIS,광선 각화증,"지속적인 햇빛 노출에 의해 피부가 거칠어지고 분홍색, 적색의 인설이 생기는 피부 병변
연령 : 40세 이후에 많이 발생한다.
성별 : 남성에게 흔하다.
유전 : 피부색이 옅은 사람에게 잘 나타난다.
생활습관 : 햇빛 노출이 위험 요인이다.
#
광선각화증은 주로 햇빛 노출에 의해 생기는 작으면서 인설이 있는 피부 종양이다. 40세 이전에는 잘 생기지 않고 40세 이후와 주로 바깥에서 일하는 사람들에게 발생 위험도가 증가한다. 광선각화증은 햇빛에 민감한 백인종에서 흔하다. 병변은 핑크색, 적색이며 거친 질감을 가지고 있다. 주로 햇빛 노출 부위인 얼굴, 손등, 두피 등에 잘 나타난다. 대개 다수의 병변이 동시에 발생한다. 때때로 편평세포암으로 진행되기도 한다.","연령 : 40세 이후에 많이 발생한다.
성별 : 남성에게 흔하다.
유전 : 피부색이 옅은 사람에게 잘 나타난다.
생활습관 : 햇빛 노출이 위험 요인이다.","병변은 핑크색, 적색이며 거친 질감을 가지고 있다. 주로 햇빛 노출 부위인 얼굴, 손등, 두피 등에 잘 나타납니다.#",피부에 나타난 병변은 반드시 제거해야 합니다. 넓은 부위에 많이 생긴 경우에는 항암제인 플루오로우라실(항암제)을 포함하는 크림이 처방됩니다. 치료 후에도 재발할 수 있으므로 이를 막기 위해서는 피부를 햇빛에 노출되지 않도록 보호해야 합니다#(햇빛으로부터의 안전). 대머리이거나 머리숱이 적은 경우는 야외 활동시 모자를 써야 한다.,http://www.snuh.org/health/encyclo/view/6/3/13.do
ATHLETE-FOOT,무좀,"발에 생기는 곰팡이 감염을 말합니다

연령 : 젊은이들에게 흔하다.
생활습관 : 오랜 시간 통풍이 안 되는 양말을 신을 경우에 잘 생긴다.
성별, 유전 : 주요 위험 요인이 아니다.

무좀은 발가락 사이에 많이 발생하는 진균 감염으로, 따뜻하고 습한 곳에서 사는 일부 곰팡이에 의해 생긴다. 무좀은 땀을 많이 흘리고 꼭 끼는 신발을 오래 신고 있는 젊은이들에게 흔하다. 어린이들에겐 드물다. 탈의실이나 수영장을 맨발로 다니는 것으로도 옮을 수 있다.","무좀은 환자의 피부에 직접적으로 접촉하거나 수영장, 공중목욕탕의 발수건, 신발 등에 접촉하여 감염될 수 있습니다.#","네번째와 다섯번째 발가락 사이에 가장 잘 생기며, 흔히 다음과 같은 증상이 나타납니다

* 감염된 부위가 따갑고 갈라지거나 가렵다.
* 인설이 떨어진다.
#
때로 주위로 번져서 발등이나 발톱을 감염시킬 수 있는데, 발톱이 감염되면 노랗게 변하고 두꺼워지며 쉽게 부스러진다. 무좀이 있는 사람은 백선이나 다른 진균 감염증에도 잘 걸린다.","하루에 두 번 이상 항진균제를 발라야 합니다(피부 감염과 기생충 감염 치료제). 증상이 치료된 후에도 며칠간 더 항생제 치료를 받아야 하며, 잘 낫지 않는 경우엔 의사와 상의하는 게 좋습니다.
#
재발을 막으려면 적어도 하루에 한번씩은 발을 씻어야 하며, 땀을 많이 흘리면 더 자주 씻도록 한다. 발을 씻은 후에는 발가락 사이를 잘 말리고 발을 건조하게 유지해야 한다. 집에서는 발가락이 나오는 신발이나 맨발로 다니는 것이 좋다.",http://www.snuh.org/health/encyclo/view/6/4/6.do
BALDNESS,탈모증,"모발이 부분적 또는 전반적으로 빠져나가는 것을 말합니다.

성별, 연령, 유전, 생활습관 : 주요 위험 요인이 아니다.
#
탈모는 부분적인 탈모반의 형태로 나타나거나, 머리카락이 전반적으로 소실되는 형태로 나타나기도 한다. 탈모는 일시적일 수도 있고 영구적일 수도 있다. 탈모가 항상 질병과 연관되는 것은 아니다.","가장 흔한 이유는 남성 호르몬(테스토스테론)에 지나치게 민감하여 발생하는 남성형 탈모증이며, 두발이탈모반의 형태로 국한되어 빠지는 원형탈모증은 자가면역 기전에 의한 것으로 추정되고 있습니다.
#
원형탈모증은 대부분 6개월 내에 저절로 좋아지지만, 드물게 전신적인 탈모로 진행되기도 한다. 머리를 잡아당겨 고정하는 헤어스타일을 할 경우 탈모반이 나타날 수 있다. 또 강박적으로 모발을 잡아 뽑는 정신장애나 진균 감염에 의해서도 발생할 수 있다.

두발의 전반적인 탈모는 나이 든 사람에게는 정상적으로 나타나는 변화이며, 임신이나 수술 등의 심한 스트레스 이후에 발생할 수 있고, 항암 화학요법을 받는 환자들에게도 발생한다.","탈모는 부분적인 탈모반의 형태로 나타나거나, 머리카락이 전반적으로 소실되는 형태로 나타나기도 합니다.#","원형탈모증은 외형을 보고 진단할 수 있다. 대부분 치료를 필요로 하지 않지만, 스테로이드제를 병변 부위에 주사하면 모발의 성장을 촉진시킬 수 있습니다. 원형탈모의 경우는 원인이 되는 기저질환을 치료하면 모발이 다시 자라게 된다. 임신 기간 동안 발생한 탈모 역시 출산 후 약 3개월이 지나면 다시 모발이 자랍니다.#

두피에 판상의 흉터가 있는 경우에는 기저질환을 알아보기 위해 조직 생검이 필요하다. 흉터 부위에 국소적 스테로이드제 또는 항진균제 등을 사용하여 치료할 수 있다. 만약 병변이 심하여 모낭을 침범하면 다시 모발이 자랄 가능성이 낮다.",http://www.snuh.org/health/encyclo/view/6/6/2.do
BED-SORE,욕창,"압력이 가해지는 부위에 생기는 피부 궤양을 말합니다

연령 : 노인들에게 흔하다.
생활습관 : 거동이 불편하거나 누워 있는 사람에게 흔하다.
성별, 유전 : 주요 위험 요인이 아니다.
#
사지가 마비되었거나 움직이지 못하면 최소 몇 시간 동안 자신의 몸무게에 의해 지속적인 압력을 받는 부위가 생긴다. 이 압력이 정상적인 혈액 공급을 방해하여 해당 부위의 조직이 죽어가면서 개방성 욕창이 생기는데 이를 압박 욕창이라 한다. 주로 움직이지 못하고 피부가 약한 노인들에게 생긴다. 요실금도 욕창을 발생시키는 요인이 된다.",주로 움직이지 못하고 피부가 약한 노인들에게 생깁니다. 요실금도 욕창을 발생시키는 요인이 됩니다.#,압력이 가해지는 부위에 생기는 피부 궤양을 말합니다#,"주로 누워 있는 사람은 피부가 붉어지거나 눌러서 아픈 곳이 있는지 정기적으로 살펴보아야 합니다. 적어도 두 시간마다 자세를 바꾸는 것이 좋습니다. 피부를 깨끗하고 마른 상태로 유지하는 것이 중요하다. 감염이 발생하면 항생제 치료가 필요합니다.
#
치료해도 치유 속도는 매우 느리며, 환자의 영양상태와도 관계가 있다. 그러나 깊은 궤양은 치유되는 데 몇 개월이 걸리며 부위가 넓을 경우에는 성형외과적 치료가 필요하다.",http://www.snuh.org/health/encyclo/view/6/3/24.do
BURNS,일괄 화상,"햇빛에 노출되어 생긴 피부의 염증을 말합니다

유전 : 피부색이 옅은 사람들에게 흔하다.
생활습관 : 실외 활동이 위험 요인이다.
성별, 연령 : 주요 위험 요인이 아니다.
#
일광 화상은 자외선이 피부의 세포를 손상시키는 것으로, 피부가 붉어지고 쓰리며 심하면 물집도 생긴다. 화상은 주로 한낮에 햇빛이 가장 강할 때 발생하는데, 수면이나 눈에 반사된 햇빛은 특히 해롭다. 피부가 흰 사람들은 피부를 보호하는 멜라닌이라는 색소가 적기 때문에 화상에 보다 예민하다. 장기간의 햇빛 노출은 피부 노화를 촉진하며 피부암이 발생할 위험성을 증가시킨다. 화상을 예방하기 위해서는 햇빛차단제를 바르거나 지나친 햇빛 노출을 피해야 한다.",일광 화상은 자외선이 피부의 세포를 손상시키는 것에 의해 발생합니다#,"화상은 30분 정도의 햇빛 노출로도 발생할 수 있으며, 3-4시간 후면 다음과 같은 증상이 나타납니다.

* 피부가 붉어지고 쓰리며 뜨거워진다.
* 피부가 부어오른다.
* 심한 경우엔 물집이 생긴다.
#
화상을 입은 지 3-4일 후에는 피부가 건조해지면서 피부가 벗겨진다.","햇빛에 의해 화상을 입었다면 그늘에서 편안히 쉬면서 수분을 충분히 섭취합니다. 알로에 크림, 칼라민 로션, 국소마취제인 리도케인이 포함된 스프레이 또는 로션 등 국소 도포제를 바르면 도움이 되며 냉찜질도 도움이 될 수 있습니다. 심한 화상은 되도록 빨리 의사에게 진료를 받도록 합니다. 심하게 화상을 입고 열사병에 걸렸으면 병원으로 옮겨 긴급히 치료를 받아야 합니다.
#
일광 화상은 햇빛을 피하거나 야외에 나갈 때 피부를 보호함으로써 예방할 수 있다. 오랫동안 햇빛에 노출되거나 화상을 입으면 피부가 빨리 늙고 피부암이 발생할 위험이 커진다.",http://www.snuh.org/health/encyclo/view/6/5/3.do
CELLULITIS,봉와직염,"피부와 피하조직이 세균에 감염되어 붉게 부어오르는 것을 말합니다.

연령 : 노인들에게 흔하다.
생활습관 : 정맥주사가 위험 요인이다.
성별, 유전 : 주요 위험 요인이 아니다.
#
봉와직염은 피부나 피하조직에 난 상처를 통해 세균이 들어가서 감염되는 것이다. 감염이 되면 그 부분이 붉어지고 부풀어오르면서 아프다. 봉와직염은 특히 하지에 흔하다. 혈액 순환이 잘 안 되는 노인들에게 특히 잘 생기며 종창과 궤양을 형성한다. 이외에도 정맥용 주사를 맞는 사람이나 당뇨병 환자, 후천성 면역결핍 증후군 환자의 경우 감염의 위험성이 높다.",봉와직염은 피부나 피하조직에 난 상처를 통해 세균이 들어가서 감염됩니다.#,"다음과 같은 증상이 몇 시간에 걸쳐 발생합니다.

* 감염된 부위에 홍반, 종창, 열감이 나타난다.
* 감염된 부위에 동통과 반발통이 생긴다.
* 열이 나고 한기가 느껴지기도 한다.
#
이런 증상이 발견되면 지체하지 말고 의사를 찾아야 한다. 치료하지 않으면 패혈증을 유발할 수 있다.","상처가 있으면 의사는 그 부위를 긁어서 감염을 유발한 세균을 확인합니다. 항생제를 처방한 후 보통 24-48시간 정도면 효과가 나타나는데, 일부는 입원하여 정맥용 항생제를 투여받기도 합니다. 다리에 발생한 경우 종창을 감소시키기 위해 다리를 높게 유지해야 합니다. 면역 기능이나 순환계에 이상이 있으면 재발할 수 있습니다.#",http://www.snuh.org/health/encyclo/view/6/4/4.do
CHILBLAIN,동창,"손과 발가락에 생기는 종창으로, 가렵고 아픈 증상을 보입니다.

연령 : 어린이와 노인들에게 흔하다.
성별, 유전, 생활습관 : 주요 위험 요인이 아니다.
#
추운 날씨에 혈관이 지나치게 수축하여 발생하며, 손가락과 발가락에 잘 나타난다. 붉고 자주색을 띠며, 추울 때에는 통증이 있다가 따뜻해지면 매우 가려워진다. 보통 특별한 치료 없이 좋아지지만 재발할 수 있다. 추운 곳에 있어야 한다면 운동을 해서 손발로 혈액이 잘 흐르도록 한다. 어린이나 노인, 거동이 불편한 사람들은 추운 곳에 있을 때는 꼭 장갑을 끼고 양말과 모자를 착용하는 등 몸을 따뜻하게 해주면 동창을 예방할 수 있다.

","추운 날씨에 혈관이 지나치게 수축하여 발생하며, 손가락과 발가락에 잘 나타납니다.#","붉고 자주색을 띠며, 추울 때에는 통증이 있다가 따뜻해지면 매우 가려워집니다.#","보통 특별한 치료 없이 좋아지지만 재발할 수 있습니다. 추운 곳에 있어야 한다면 운동을 해서 손발로 혈액이 잘 흐르도록 해야 합니다. 어린이나 노인, 거동이 불편한 사람들은 추운 곳에 있을 때는 꼭 장갑을 끼고 양말과 모자를 착용하는 등 몸을 따뜻하게 해주면 동창을 예방할 수 있습니다.#
",http://www.snuh.org/health/encyclo/view/6/3/22.do
CONTACT-DERMATITIS,접촉성 피부염,"알레르기 또는 자극성 물질에 의한 피부 병변을 말합니다

생활습관 : 화학제 또는 세제에 노출되는 직업이 위험 요인이다.
연령, 성별, 유전 : 주요 위험 요인이 아니다.
#
접촉성 피부염은 특정한 물질과의 접촉에 의해 발생하는 피부 염증으로, 두 가지 유형이 있다. 한 가지는 표백제같이 그 자체에 자극성이 있어 누구에게나 영향을 주는 자극물질에 의해 유발되는 것이고, 또다른 한 가지는 알레르기성에 의한 것이다. 자극을 직접 유발하거나 알레르기성 반응을 유발하는 물질 중에는 화장품, 보석류, 단추, 귀고리, 시계줄 등에 포함된 니켈, 피부연고제에 포함된 화학첨가물이나 약제, 꽃가루 같은 식물 등이 있다.",접촉성 피부염은 대개 피부염을 유발시킨 물질이 피부와 직접적으로 접촉해서 발생합니다.#,"접촉성 피부염은 대개 피부염을 유발시킨 물질이 피부와 직접적으로 접촉한 부위에 발생합니다.
두 가지 유형의 접촉성 피부염은 모두 다음과 같은 증상을 일으킵니다.

* 피부가 벌겋게 되고 부어오른다.
* 물 또는 농으로 채워진 수포가 발생하고, 이 수포가 터지거나 딱지가 앉을 수도 있다.
* 가려움증이 지속된다.#
자극성 물질에 의한 접촉성 피부염은 자극성 물질과 접촉한 직후에 발생하며, 증상의 정도는 자극성 물질의 농도와 노출 기간에 따라 다르다.
알레르기성 접촉성 피부염은 어느정도의 기간에 걸쳐 서서히 진행하는데, 피부에 염증을 발생시키지 않은 채로 수년이 지난 후에 발생하기도 한다. 그러나 일단 피부가 그 물질에 대해 감수성을 갖게 되면 양이 적든 많든, 노출된 시간이 짧든 길든 상관없이 알레르기 반응을 유발한다.

","의사는 우선 피부염이 발생한 시기와 알레르기가 있는지를 확인합니다. 손목에 발생한 피부염이 시계나 시계줄에 때문에 생길 수 있는 것처럼 피부염이 발생한 신체 부위가 발생 원인을 찾아내는 단서가 될 수 있습니다. #염증과 가려움증을 줄이기 위해 국소적 스테로이드제를 처방하지만 접촉성 피부염이 좋아지기까지 수주가 걸리기도 한다.

직업적으로 화학물질을 다루는 경우라면 원인물질이 무엇인지 찾아내는 것이 매우 중요하다. 원인을 알기 어려운 경우에는 첩포시험을 해볼 수 있다. 원인물질이 밝혀지면 되도록 그 물질과 접촉하지 않도록 해야 한다. 그것이 어려우면 원인물질에 노출되기 전에 보습크림이나 보호용 장갑, 보호용 옷 등으로 손을 보호하는 것이 좋다.",http://www.snuh.org/health/encyclo/view/6/2/4.do
DISCOID-LUPUS,원판상 루푸스,"주로 귀 뒤, 얼굴이나 두피에 발생하는 질환으로 가렵고 적색의 인설성 반이 나타납니다.

연령 : 25-45세 사이에 흔하다.
성별 : 여성에게 흔하다.
유전 : 때로 가족력을 보인다.
생활습관 : 강한 햇빛에 노출되면 질환을 유발하거나 악화시킨다.
#
원판상 홍반성 낭창은 자신이 자신의 몸을 공격하는 자가면역 질환이다. 이 질환은 적색의 인설성 병변으로 귀 뒤, 얼굴, 두피 및 햇빛에 노출되는 모든 부위에 발생하며 가렵다. 25-45세의 여성에게 잘 나타나며 원인은 모르지만 가족간에 발생하는 경우가 있으므로 유전적 요인이 의심된다.

햇빛 노출은 질환을 악화시키거나 유발시킨다. 수년간 악화와 호전을 되풀이하며 발생한다. 때때로 사라지기도 하지만 피부가 얇아지거나 변색되는 흉터를 남기기도 한다. 두피에 발생한 경우엔 피부 손상에 의해 병변 부위에 탈모 현상이 일어날 수 있다.","루푸스의 정확한 원인은 밝혀져 있지 않습니다. 루푸스는 자가면역질환으로, 인체 외부로부터 지키는 면역계의 이상으로 오히려 면역계가 자신의 인체를 공격하는 현상이 특징입니다. #","주로 귀 뒤, 얼굴이나 두피에 발생하는 질환으로 가렵고 적색의 인설성 반이 나타납니다.#",햇빛을 피하거나 자외선차단제를 바르고 화장으로 변색된 피부를 감출 수 있다.#,http://www.snuh.org/health/encyclo/view/6/3/14.do
EPIDERMALCYST,피지 낭종,"감염될 수 있지만 해롭지는 않은 피부의 종창을 말합니다

연령 : 성인들에게 더 흔하다.
성별, 유전, 생활습관 : 특별한 관련 인자가 없다.
#
피지 낭종은 모낭의 염증에 의해 발생하는 부드러운 혹이다. 낭종 안에는 죽은 세포와 피지선에서 나온 기름기 있는 분비물들이 들어 있다. 피지 낭종은 흔히 두피, 얼굴, 몸통과 성기부에 발생하지만 몸의 어느 부위에나 발생할 수 있다. 대개 해롭지는 않으나, 때로 커지거나 혹은 사라질 수도 있다. 세균에 의해 감염되면 낭종에 염증이 생겨 아프고 결국에는 터져버린다.

아무 증상이 없으면 특별히 치료받을 필요도 없다. 그러나 점점 커지거나 아프다면 국소마취를 하고 제거할 수 있다. 낭종의 벽이나 내용물이 완전히 제거되지 않으면 재발할 수 있으므로 낭이 온전히 있는 상태로 제거해야 한다. 감염되면 항생제 치료를 하거나 절제를 해서 배농시켜야 한다.","피지, 기름, 지방 등이 쌓여 피지선의 배출구가 막히면서 생기기도 하고 피부에 생긴 상처가 원인이 되어 발생하는 등 다양한 원인에 의해 생길 수 있습니다.#","피지 낭종은 모낭의 염증에 의해 발생하는 부드러운 혹입니다. 낭종 안에는 죽은 세포와 피지선에서 나온 기름기 있는 분비물들이 들어 있습니다. 피지 낭종은 흔히 두피, 얼굴, 몸통과 성기부에 발생하지만 몸의 어느 부위에나 발생할 수 있습니다. #대개 해롭지는 않으나, 때로 커지거나 혹은 사라질 수도 있다. 세균에 의해 감염되면 낭종에 염증이 생겨 아프고 결국에는 터져버린다.",아무 증상이 없으면 특별히 치료받을 필요도 없습니다. 그러나 점점 커지거나 아프다면 국소마취를 하고 제거할 수 있습니다. 낭종의 벽이나 내용물이 완전히 제거되지 않으면 재발할 수 있으므로 낭이 온전히 있는 상태로 제거해야 합니다. #감염되면 항생제 치료를 하거나 절제를 해서 배농시켜야 한다.,http://www.snuh.org/health/encyclo/view/6/3/18.do
ERYTHEMA-MULTIFORME,다형 홍반,"자주빛 중심과 그 주위를 둘러싼 빨간 반점을 말합니다

연령 : 어린이와 젊은 성인에서 가장 흔하다.
성별 : 남성에게 더 흔하다.
유전, 생활습관 : 주요 위험 요인이 아니다.
#
다형 홍반은 빠르게 발생하여 수일에 걸쳐 점점 커지는 것이 특징이다. 발진은 넓게 퍼지고 종종 손바닥과 발바닥에 생기기도 한다. 또한 구강과 코의 점막에도 생긴다. 이러한 발진은 젊은 사람에게 흔하고 남성에게 더 흔하다. 접촉에 의해 전파되지는 않으며, 대부분은 경증이나 때로는 중증인 경우도 있다.

원인을 알 수 없는 경우가 대부분이다. 그러나 단순포진과 같은 바이러스 감염이나 설폰아마이드와 같은 항생제, 페니토인 등의 약제나 소아마비 백신도 다형 홍반을 유발할 수 있다. 또한 악성종양이나 방사선 치료가 원인일 수도 있다.","원인을 알 수 없는 경우가 대부분입니다. 그러나 단순포진과 같은 바이러스 감염이나 설폰아마이드와 같은 항생제, 페니토인 등의 약제나 소아마비 백신도 다형 홍반을 유발할 수 있습니다. #또한 악성종양이나 방사선 치료가 원인일 수도 있다.","여러 개의 작고 붉은 반점이 전신에 대칭적으로 분포합니다. 반점들은 점점 커져서 표적 모양의 자주색 중심을 가진 반지 모양의 형태를 띱니다. 병변의 중심은 수포가 변할 수 있습니다.

* 가려움증이 생긴다.
* 구강과 코에 통증을 동반한 염증성 병변이 나타난다.
* 발열, 두통, 인후 통증이 나타난다.
* 때때로 설사를 한다.
#
드물지만, 전신의 피부와 점막에 심한 염증성 병변과 궤양이 생길 수 있으며 이때는 생명을 위협하므로 응급 치료가 필요하다.","피부의 상태만 보고도 진단할 수 있습니다. 피부발진이 특정한 약을 복용한 후에 발생했다면 다른 약으로 바꾸어야 합니다. #심한 다형 홍반, 특히 구강에 심한 염증성 병변이 있을 때에는 중환자실에 입원하여 정맥주사, 진통제, 스테로이드제 등을 투여하는 치료가 필요하다. 다형 홍반은 대개 수주 후에 사라지나 재발할 가능성이 있다. 특정 약제가 원인으로 의심되는 경우, 향후 그 약을 다시 복용하지 않도록 한다.",http://www.snuh.org/health/encyclo/view/6/2/8.do
ERYTHEMA-NODOSUM,결절 홍반,"정강이에 생기는 빛나는 적자주색의 종창을 말합니다

연령 : 젊은이들에게 많이 발생한다.
성별 : 여성에게 흔하다.
유전, 생활습관 : 주요 위험 요인이 아니다.
#
결절홍반은 젊은 여성들에게 흔하다. 결핵이나 유육종증과 연관되어 발생할 수 있으며 약물, 특히 일부 항생제의 경우에도 반응성으로 발생한다. 또한 어린이들에겐 연쇄상구균 감염에 의한 인후통과 연관되어 발생하기도 한다. 어떤 경우에는 특별한 이유 없이 발생하기도 한다.","결절홍반은 젊은 여성들에게 흔합니다. 결핵이나 유육종증과 연관되어 발생할 수 있으며 약물, 특히 일부 항생제의 경우에도 반응성으로 발생합니다. #또한 어린이들에겐 연쇄상구균 감염에 의한 인후통과 연관되어 발생하기도 한다. 어떤 경우에는 특별한 이유 없이 발생하기도 한다.","대부분의 경우 결절성 홍반은 관절통, 근육통, 발열과 동반됩니다. 결절은 대개 정강이에 발생하며 때로는 전완부에 발생하는 경우도 있습니다.

* 밝은 자주색 또는 적색을 띠며 반짝거린다.
* 병변의 크기는 대개 지름이 1-15cm 정도 된다.
* 통증이 있다.
#
결절은 대개 몇 주 후면 사라지는데 결절이 있던 자리는 멍든 것처럼 보인다.","진단은 증상과 결절의 형태를 보고 내립니다. 특별한 치료 방법은 없으며 침대에 누워 결절이 사라지기 시작할 때까지 다리를 올리고 있어야 합니다.
#
부기를 줄이기 위해 의사는 비스테로이드 소염제를 사용하거나 때때로 코르티코스테로이드제를 사용할 때도 있다. 또 기저질환을 검사하기 위해 혈액검사나 흉부 X-선 검사를 하기도 한다. 대부분의 환자는 4-8주 후면 회복되지만 20% 정도는 재발한다.",http://www.snuh.org/health/encyclo/view/6/3/15.do
FOLLICULITIS,모낭염,"모낭에 염증이 생겨 작고 노란 농이 차는 병변을 말합니다.

연령 : 성인들에게 흔하다.
성별 : 남성에게 흔하다.
생활습관 : 면도와 머리 뽑는 습관이 위험 요인이다.
유전 : 주요 위험 요인이 아니다.
#
세균에 의한 모낭의 감염을 모낭염이라 불린다. 모낭염은 몸 어디에나 생길 수 있지만 주로 사지나 턱수염이 난 부위에 잘 생긴다. 면도나 털을 뽑는 것은 감염의 위험성을 증가시키며, 특히 흑인의 곱슬머리가 피부로 다시 침투하여 감염을 잘 일으킨다. 국소적 스테로이드제도 모낭염을 유발할 수 있다.

국소 항생제(피부 감염증과 기생충 감염 치료제)로 치료할 수 있다. 급성으로 심한 모낭염이 생겼을 경우에는 경구 항생제가 필요할 수 있다. 모낭염이 퍼지는 것을 막기 위해 비누나 면도기, 타월을 같이 쓰지 않는다.","면도나 털을 뽑는 것은 감염의 위험성을 증가시키며, 특히 흑인의 곱슬머리가 피부로 다시 침투하여 감염을 잘 일으킵니다. #국소적 스테로이드제도 모낭염을 유발할 수 있다.","모낭에 염증이 생겨 작고 노란 농이 차는 병변이며, 모낭염은 몸 어디에나 생길 수 있지만 주로 사지나 턱수염이 난 부위에 잘 생깁니다다.#","국소 항생제(피부 감염증과 기생충 감염 치료제)로 치료할 수 있습니다. 급성으로 심한 모낭염이 생겼을 경우에는 경구 항생제가 필요할 수 있습니다. #모낭염이 퍼지는 것을 막기 위해 비누나 면도기, 타월을 같이 쓰지 않는다",http://www.snuh.org/health/encyclo/view/6/4/3.do
HEAT-RASH,땀띠,"더운 환경에서 발생하는, 가려움을 동반하는 다발성 피부 발진을 말합니다

연령 : 어린이에게 흔하다.
생활습관 : 과체중과 덥고 습한 기후가 위험 요인이다.
성별, 유전 : 주요 위험 요인이 아니다.
#
흔히 더운 환경에서 나타나는, 매우 가려운 피부 발진이다. 세균과 죽은 세포에 의해 땀샘이 막히고 염증이 유발되면서 발생한다. 발진은 따끔거리는 증상이 동반되면서 홍반성의 반이나 수포로 나타난다. 땀띠가 잘 생기는 부위는 손, 발, 가슴이다. 과체중인 사람에게 많이 나타나며 어른보다는 어린이들에게 더 많이 생긴다. 어른에게 나타날 때는 발진이 얼굴, 몸통, 솜털이 난 부위에 주로 발생한다.

발진은 며칠 안에 저절로 사라진다. 천연 섬유로 만든 헐렁한 옷을 입거나 솜털을 제거해주면 치유 기간을 단축시킬 수 있다. 발진이 지속되는 경우에는 국소적 스테로이드제를 발라주는 것이 도움이 되지만 얼굴에는 되도록 사용하지 않아야 하며 의사의 지시에 따르는 것이 좋다.","흔히 더운 환경에서 나타나는, 매우 가려운 피부 발진입니다. 세균과 죽은 세포에 의해 땀샘이 막히고 염증이 유발되면서 발생합니다.#","발진은 따끔거리는 증상이 동반되면서 홍반성의 반이나 수포로 나타납니다. 땀띠가 잘 생기는 부위는 손, 발, 가슴입니다. #과체중인 사람에게 많이 나타나며 어른보다는 어린이들에게 더 많이 생긴다. 어른에게 나타날 때는 발진이 얼굴, 몸통, 솜털이 난 부위에 주로 발생한다.
",발진은 며칠 안에 저절로 사라집니다. 천연 섬유로 만든 헐렁한 옷을 입거나 솜털을 제거해주면 치유 기간을 단축시킬 수 있습니다. #발진이 지속되는 경우에는 국소적 스테로이드제를 발라주는 것이 도움이 되지만 얼굴에는 되도록 사용하지 않아야 하며 의사의 지시에 따르는 것이 좋다.,http://www.snuh.org/health/encyclo/view/6/3/3.do
HERPES,단순포진,"바이러스에 의해 입 주위 등에 작은 수포가 생기는 것을 말합니다.

생활습관 : 차가운 바람, 일광 화상, 그리고 스트레스가 위험 요인이다.
연령, 성별, 유전 : 주요 위험 요인이 아니다.
#
단순포진은 제1형 헤르페스 바이러스에 의해 유발되는 것으로, 통증을 동반하는 수포들이 무리지어 생긴다. 대부분의 사람들은 성인이 되기 전에 적어도 한번은 감염되지만 잘 알지 못하고 지나치는 수가 많다. 이후 바이러스가 신경절에 잠복해 있다가 재활성화되어 단순포진이 나타나기 시작한다. 유발인자는 차가운 바람, 일광 화상, 피로, 스트레스, 감기, 생리, 발열 등이다.","유발인자는 차가운 바람, 일광 화상, 피로, 스트레스, 감기, 생리, 발열 등입니다.#","대개는 입술 근처에 생깁니다.

* 병변 부위가 따끔거리고 아프다.
* 통증이 있는 물집들이 무리지어 나타나며 주위 피부가 가려워지기 시작한다.
* 물집들은 터지고 딱지가 앉는다.
* 대개 물집은 10-14일 사이에 사라진다.
#
재발을 하면 얼굴 같은 부위에 나타난다.","아사이클러버와 같은 항바이러스 크림을 증상이 나타나자마자 즉시 발라주면 발병을 막을 수도 있습니다. 간혹 경구용 항바이러스제를 복용해야 할 때도 있습니다다. 그러나 바이러스는 몸속에 계속 잠복해 있다가 다시 재발할 수 있습니다.#

만약 단순포진이 자주 재발한다면 유발 요인 즉 차가운 바람, 일광 화상 등을 피해야 한다. 바이러스가 전파되는 것을 막으려면 물집을 만지지 말아야 한다. 또 물집이 있을 때는 키스를 피한다.",http://www.snuh.org/health/encyclo/view/6/4/8.do
HYPERHYDROSIS,다한증,"국소적 혹은 전신적으로 발생하는 과다한 땀 분비되는 것을 말합니다.

연령 : 15-30세에 많이 나타난다.
유전 : 때로 가족력을 보인다.
성별, 생활, 습관 : 주요 위험 요인이 아니다.
#
정상에 비해 땀이 자주 많이 분비되는 것을 다한증이라고 한다. 대개 사춘기 때 시작되고 30세경이면 사라진다. 환자의 절반 정도가 가족력이 있어 유전 요인이 관여한다고 알려져 있다. 때로 갑상선 기능 항진증이나 당뇨병 같은 내분비계 이상 때문에 나타날 수 있다. 일부에서는 스트레스가 다한증을 유발하는 경우도 한다. 다한증은 국소적으로 손바닥, 발바닥, 겨드랑이, 사타구니, 이마 등에도 나타날 수 있으며 불쾌한 냄새를 동반한다.",환자의 절반 정도가 가족력이 있어 유전 요인이 관여한다고 알려져 있습니다. 때로 갑상선 기능 항진증이나 당뇨병 같은 내분비계 이상 때문에 나타날 수 있습니다. #일부에서는 스트레스가 다한증을 유발하는 경우도 한다.,"정상에 비해 땀이 자주 많이 분비되는 것을 다한증이라고 합니다. 다한증은 국소적으로 손바닥, 발바닥, 겨드랑이, 사타구니, 이마 등에도 나타날 수 있으며 불쾌한 냄새를 동반합니다.#","규칙적으로 땀을 씻어내고, 땀을 잘 흡수하는 천연 섬유로 만들어진 편안하고 헐렁한 옷을 입어야 합니다. 겨드랑이의 다한증은 땀을 억제하는 약이 도움이 될 수 있습니다. 불안증이 동반된 경우에는 긴장완화 운동이 도움이 됩니다.
#
약물 치료로는 땀샘을 억제하는 알루미늄 클로라이드를 발라주면 효과를 볼 수 있다. 겨드랑이 다한증의 경우 다른 방법으로 효과가 없을 때는 땀 분비를 조절하는 교감신경 중추를 수술로 제거해준다.",http://www.snuh.org/health/encyclo/view/6/3/4.do
HYPERTRICHOSIS,다모증,"정상적으로는 모발이 자라지 않는 부위에 과다하게 모발이 자라는 질환을 말합니다

연령 : 대개 사춘기 이후에 발생하고 나이가 많을수록 증가한다.
성별 : 여성에게 더 흔하다.
유전 : 때로 가족력을 보인다.
생활습관 : 주요 위험 요인이 아니다.
#
과도한 모발 증식에는 조모증과 다모증, 두 가지 형태가 있다. 조모증은 여성에게만 발생하며 주로 얼굴이나 몸통, 사지에 모발이 과도하게 자란다. 60세 이상의 여성에게 많이 나타나며 지중해 지역이나 아시아, 히스패닉계나 중동 지역에서 흔하다. 다모증은 남성, 여성 모두에게 발생할 수 있다. 이것은 신체 어느 부위에서나 생길 수 있으며 정상적으로 모발이 없는 부위에서도 발생할 수 있다.","대개 폐경기 이후의 여성들에게 나타나는 가벼운 조모증은 정상이지만, 다낭성 난소 증후군 같은 질병처럼 남성 호르몬이 과다하게 분비될 경우에도 발생할 수 있습니다(남성화). #다모증은 신경성 식욕부진이나 면역억제제나 고혈압 치료제의 부작용으로도 나타난다.",정상적으로는 모발이 자라지 않는 부위에 과다하게 모발이 자라는 증상을 보입니다#,"젊은 여성인 경우에는 혈액검사를 통해 남성 호르몬을 측정해본 후 결과에 따라 원인질환을 치료해야 합니다. 만약 약물 부작용으로 인한 것이라면 약을 끊는 것이 좋으며, 이때는 면도를 하거나 제모용 크림을 사용합니다. 전기 융해술로 영구적으로 제거할 수 있지만 아주 천천히 진행되기 때문에 환자가 불편함을 느낄 수 있습니다.#",http://www.snuh.org/health/encyclo/view/6/6/4.do
IMPETIGO,농가진,"박테리아 감염에 의해 발생하는 피부의 수포와 가피를 말합니다

연령 : 어린이에게 흔하다. 성별, 유전, 생활습관 : 주요 위험 요인이 아니다.
#
농가진은 상처 부위나 습진 부위, 혹은 동상 부위 등으로 세균이 들어가서 발생한다. 전염력이 매우 높기 때문에 신체적 접촉에 의해 퍼지며 어린이들에게 흔하다.","농가진은 상처 부위나 습진 부위, 혹은 동상 부위 등으로 세균이 들어가서 발생합니다. 전염력이 매우 높기 때문에 신체적 접촉에 의해 퍼지며 어린이들에게 흔합니다.#","농가진은 신체 어느 부위에나 생길 수 있으나 주로 얼굴, 특히 코나 입 주위에 흔히 발생합니다. 하루나 이틀에 걸쳐 다음과 같은 증상이 생깁니다.

* 피부가 붉어지며 작은 물집이 생긴다.
* 물집이 터지면 노란색 액체가 나온다.
* 물집 아래 피부는 붉어지고 분비물이 흘러나온다.
* 물집이 마르면 딱지가 앉으면서 가렵다.
#",의사는 국소 항생제(피부의 감염증과 기생충 치료제)나 경구용 항생제를 처방합니다. 딱지가 앉은 부위를 따뜻한 소금물에 담그면 딱지를 제거하거나 가려움증을 줄이는 데 도움이 됩니다. #치료를 하면 농가진은 수일 내로 없어진다. 다른 부위로 퍼지는 것을 막으려면 손을 자주 씻고 수건을 따로 사용해야 한다. 농가진을 앓는 학생은 학교를 쉬도록 한다.,http://www.snuh.org/health/encyclo/view/6/4/2.do
INGROWING-NAIL,내향 발톱,"발톱 주위로 발톱이 파고드는 아픈 병변을 말합니다

연령 : 십대와 젊은이들에게 흔하다.
성별 : 남성에게 흔하다.
생활습관 : 꽉 끼고 잘 맞지 않는 신발이 위험 요인이다.
유전 : 주요 위험 요인이 아니다.
#
내향 발톱은 발톱 주위 피부의 한쪽 면이나 양쪽 면을 파고들면서 염증과 감염을 일으킨다. 대부분 엄지발가락에 발생하며 잘못 자른 발톱에 잘 맞지 않는 신발을 신을 경우에 발생한다. 때로 손상을 입은 주변 피부가 지나치게 많이 성장하여 발톱을 둘러싸기도 한다. 발 관리를 잘못하면 감염의 위험성이 높아진다.",꽉 끼고 잘 맞지 않는 신발이 주 위험 요인입니다.#,"다음과 같은 증상이 나타날 수 있습니다.

* 발톱 주변에 통증, 홍반과 종창이 나타난다.
* 조갑 주위에 농, 혈액, 액체가 배어나온다.
#
발가락이 감염될 위험성이 있으므로 내향하고 있는 발톱이 생기면 의사에게 진찰을 받아야 한다.","진통제를 먹거나 더운 소금물에 발을 담그면 통증을 줄일 수 있습니다. 건조한 소독 거즈로 상처받은 부위를 보호해야 한다. 만약 호전되지 않으면 의사에게 진찰을 받아야 합니다.#

감염이 있으면 경구용 항생제나 국소 항생제 도포를 시행한다. 내향 발톱이 재발되는 것을 막기 위해서는 발을 청결히해야 하며 잘 맞는 신발을 신는다. 발톱은 곡선보다는 직선으로 깎아야 피부로 자라는 것을 막을 수 있다. 만약 재발한다면 발톱 전부 또는 일부분을 제거한다.",http://www.snuh.org/health/encyclo/view/6/6/8.do
KELOID,켈로이드,"상처받은 부위의 흉터 조직이 단단하게 변한 것을 말합니다

유전 : 흑인들에게 흔하다. 때로 가족력을 보인다.
연령, 성별, 생활 습관 : 주요 위험 요인이 아니다.
#
켈로이드는 흉터 조직이 지나치게 많이 성장함에 따라 단단하고 불규칙하게 변하는 것이다. 보통 피부색이 밝은 경우에는 매끈하면서 빛나는 분홍색으로 보이고, 피부색이 검을 경우에는 갈색을 띤다. 이는 대부분 상처를 치유하는 과정에서 콜라겐이 지나치게 많이 생산되기 때문이다. 흑인들에게 흔하며 가족력이 있다.

켈로이드가 잘 생기는 사람은 화상, 절개, 여드름, 문신, 작은 수술, 귀고리, 벌레에게 물렸을 때 등 어떤 식으로든 피부가 손상된 후에는 생기는 경향이 있다. 드물게는 저절로 발생하기도 한다. 신체 어느 곳에서도 생길 수 있지만 대개 가슴, 어깨, 귓볼 등에 흔하다.","원인은 대부분 상처를 치유하는 과정에서 콜라겐이 지나치게 많이 생산되기 때문입니다. 흑인들에게 흔하며 가족력이 있다. 켈로이드가 잘 생기는 사람은 화상, 절개, 여드름, 문신, 작은 수술, 귀고리, 벌레에게 물렸을 때 등 어떤 식으로든 피부가 손상된 후에는 생기는 경향이 있습니다. #드물게는 저절로 발생하기도 한다. 신체 어느 곳에서도 생길 수 있지만 대개 가슴, 어깨, 귓볼 등에 흔하다.",상처받은 부위의 흉터 조직이 단단하게 변하는 증상을 보입니다.#,병변 부위에 코르티코스테로이드를 국소 주사하거나 스테로이드 외용제가 포함된 테이프 등을 처방합니다. #치료를 하더라도 대개는 1년 정도 지나야 병변이 없어진다. 외과적 절제나 레이저 치료 후에 또다른 켈로이드가 생길 수 있다.,http://www.snuh.org/health/encyclo/view/6/3/20.do
LEG-ULCERS,하지 궤양,"하지에 지속적으로 생기는 개방성 욕창을 말합니다.

연령 : 노인들에게 흔하다.
생활습관 : 운동을 하기 힘든 사람이나 침대에 누워 있는 사람에게 흔하다.
성별, 유전 : 주요 위험 요인이 아니다.
#
하지 궤양은 혈액 순환이 원활하게 이루어지지 못해서 발생하는 것이다. 개방성 욕창은 저절로 혹은 손톱의 긁힘 같은 사소한 상처에 의해서도 발생하며, 궤양은 얕으면서 분홍색 빛을 띤다. 주위 피부에 종창이 생길 수도 있다. 주로 혈액 순환이 원활하지 않거나 거동이 불편한 노인들에게 흔하다.",하지 궤양의 90%는 정맥 궤양으로 정맥을 통한 혈액 순환이 원활하지 않아서 생깁니다. 하지에 혈액을 공급하는 동맥을 통한 혈액 순환이 원활하지 않아 생긴다.#,정맥류가 있는 사람에게 흔하며 주로 발목에 생깁니다. 주위 피부는 자주색 혹은 갈색을 띠며 인설이 있습니다. 당뇨병 환자나 겸상 적혈구증 환자에 흔합니다. #주로 발에 생기며 주위 피부는 창백하고 얇다. 궤양의 징후가 보이면 반드시 의사에게 상의해야 한다. 궤양에 감염이 생기면 주위 피부까지 퍼져 봉와직염으로 발전할 수 있다.,"병변 부위의 혈액 순환 상태를 알아보기 위해 도플러 초음파를 시행합니다. 궤양은 정기적으로 소독해 감염을 막고 종창을 줄이며, 혈액 순환을 향상시키기 위해 탄력 붕대로 단단히 감아야 합니다. 탄력스타킹을 신고 정기적으로 운동을 하며 쉴 때는 다리를 올려놓는 것이 좋습니다. #동맥 궤양인 경우에는 수술이 필요하다.",http://www.snuh.org/health/encyclo/view/6/3/23.do
LICHEN-PLANUS,편평 태선,"가려움증을 동반하며, 반짝거리는 분홍 또는 자줏빛의 피부 병변이 편평하게 도드라져 올라옵니다.

연령 : 30세 이후에 더 흔하다.
생활습관 : 스트레스가 위험성을 증가시킬 수 있다.
성별, 유전 : 주요 위험 요인이 아니다.
#
편평 태선에서 보이는 피부 병변은 가려움증을 동반하며, 반짝거리는 분홍 또는 자줏빛을 띠며 편평하게 도드라져 올라와 있다. 이러한 병변들이 집단적으로 뭉쳐서 보인다. 특별한 이유가 없는 경우도 있으나, 설폰아마이드와 같은 항생제 복용 후에 발생하기도 한다. 편평 태선은 스트레스와 연관이 있고 30세 이후에 더 흔하다.","특별한 이유가 없는 경우도 있으나, 설폰아마이드와 같은 항생제 복용 후에 발생하기도 합니다. #편평 태선은 스트레스와 연관이 있고 30세 이후에 더 흔하다.","등의 아랫부분과 손목의 안쪽, 전완부(팔뚝 부위), 발목에 발진이 발생할 수 있습니다. 여러 곳에 갑자기 발생하며, 때로는 수개월에 걸쳐 서서히 퍼지기도 합니다.

* 반짝거리는 분홍 또는 자주빛의 피부 병변들이 편평하게 도드라져 올라오는데,
  집단적으로 뭉쳐서 보인다.
* 심한 가려움증이 나타나는데, 특히 밤에 더 심하다.
#
편평 태선은 손톱과 두피에도 발생할 수 있다. 손톱에 발생하면 골이 길게 패이고 떨어져나갈 수도 있다. 두피에 발생하면 두피에 반흔이 생기면서 부분적인 탈모가 온다. 긁어서 생긴 피부의 손상 부위에도 발생할 수 있다. 구강에 발생하는 유형도 있다.","겉모양만으로 진단이 분명치 않을 때는 피부조직 검사를 합니다. 가려움증을 없애기 위해 강력한 국소적 스테로이드제를 처방하거나 경구 항히스타민제를 복용할 수도 있습니다. #발진이 넓게 퍼지고 손톱 또는 두피에 발생한 경우에는 경구용 스테로이드제가 필요하다. 특정 약제에 의한 부작용인 것으로 의심되면, 다른 약으로 바꾸어야 한다. 편평 태선은 대개 12-18개월 동안 지속되며 치유된 후에도 검게 변색된 피부에 반점이 남는다.",http://www.snuh.org/health/encyclo/view/6/2/7.do
MOLLUSCUM-CONTAGIOSUM,점염성 연속증,"바이러스에 의해 유발되는 다발성 구진을 말합니다.

연령 : 어린이들에게 흔하다.
생활습관 : 밀접한 피부 접촉, 혹은 감염된 사람과의 성접촉이 위험 요인이다.
성별, 유전 : 주요 위험 요인이 아니다.
#
전염성 연속종은 몸통과 팔, 다리에 구진이 나타나는 바이러스성 질환이다. 별다른 해는 없지만, 밀접한 피부 접촉으로 퍼질 수 있다.

아토피 피부염을 가진 어린이들에게 주로 발생한다. 이는 피부 병변을 긁어 바이러스가 잘 침투할 수 있기 때문이다(어린이 습진). 성인들은 대개 성접촉을 통해 퍼진다. 구진이 나타나는 부위는 하복부, 성기부, 대퇴부 등이다. 후천성 면역결핍 증후군 또는 면역억제제를 투여받을 경우처럼 면역 체계가 약할 경우 더욱 심하게 앓는다.","아토피 피부염을 가진 어린이들에게 주로 발생합니다. 이는 피부 병변을 긁어 바이러스가 잘 침투할 수 있기 때문입니다(어린이 습진). 성인들은 대개 성접촉을 통해 퍼집니다. #구진이 나타나는 부위는 하복부, 성기부, 대퇴부 등이다. 후천성 면역결핍 증후군 또는 면역억제제를 투여받을 경우처럼 면역 체계가 약할 경우 더욱 심하게 앓는다.","증상은 감염되고 2-8주 사이에 시작됩니다. 처음에는 하나의 가려운 구진이 나타난 후 점점 퍼져서 나중엔 무리를 이룹니다. 구진은 다음과 같은 특징이 있습니다.

* 대개 직경 3-4mm 정도이다.
* 표면이 매끄럽고 진주빛에서 하얀색 또는 분홍빛을 띤다.
* 중심부에서 함몰이 관찰되며 돔 모양으로 생겼다.#","어린이들의 경우, 치료를 하게 되면 약간의 흉터가 남게 되고 통증이 생기기 때문에 대개는 치료를 하지 않습니다. 보통 12개월 안에 저절로 사라집니다. 어른들은 미용상의 문제로 치료를 받습니다.
#
온몸으로 퍼지는 것을 막으려면 절대로 긁지 말아야 한다. 다른 사람에게 전염시키지 않으려면 밀접한 신체 접촉을 피하고 타월이나 수건을 함께 사용하지 않도록 한다. 다시 감염되거나 면역력이 약해진 경우에는 다시 재발할 수 있다.",http://www.snuh.org/health/encyclo/view/6/4/10.do
NAIL-ABNORMALITY,손발톱 이상,"손상과 감염이 동반된 질환에 의해 손·발톱의 모양, 색깔, 혹은 표면 상태가 변하는 것을 말합니다

연령, 성별, 유전, 생활습관 : 주요 위험 요인이 아니다.
#
손·발톱은 특히 손상되기 쉬운 곳이다. 손·발톱의 모양, 색깔, 표면 상태에 이상이 생기는 가장 흔한 이유는 외부에서 가해지는 자극이다. 또 전신의 건강상태나 감염도 원인이 될 수 있다.","손·발톱에 생기는 작은 흰 점은 저절로 생길 수도 있으며, 작은 손상에 의해 생길 수도 있습니다. 조갑 구만증으로 알려진 손·발톱의 비후는 진균 감염으로 일어날 수 있지만 아무런 이유 없이 생기는 경우도 있습니다. #노인에게 나타나는 것은 정상이다. 하지만 젊은이들 경우엔 류마티즘 관절염이나 편평 태선 혹은 습진이 원인으로 작용할 수 있다. 손·발톱이 움푹 파이는 것은 건선이나 습진 같은 피부병이 원인일 수 있다. 보통 건선이나 편평 태선 혹은 갑상선 질환이 있는 사람에게 발생한다. 이는 손톱바닥의 감염을 초래하며 박리된 손·발톱은 녹색으로 보인다. 이 현상은 진균 감염에 의해 나타나고 때때로 흡연자에게도 생긴다. 이는 낭포성 섬유증, 기관지확장증, 혹은 폐암 등의 심각한 질환을 암시하는 증거가 될 수 있다. 또한 간질환, 선천성 심장병, 갑상선질환, 크론병 등의 내장질환과 연관될 수 있다. 심각한 철 결핍과 동반된다.","손·발톱에 생기는 작은 흰 점은 저절로 생길 수도 있으며, 작은 손상에 의해 생길 수도 있습니다. 발톱에 좀더 많이 나타납니다. 함몰선은 손·발톱의 바닥으로부터 끝까지 생깁니다. #손·발톱이 움푹 파이는 것. 손톱이 손상되면 손톱바닥으로부터 떨어져나와 분리된다. 이 현상은 진균 감염에 의해 나타나고 때때로 흡연자에게도 생긴다. 손·발톱이 볼록해져 손가락 끝이 넓어지는 현상. 시상조갑이라 불리는 이 형태의 이상은 손·발톱이 오목해지고 스푼 모양을 띠게 된다.","손·발톱에 경미하게 생기는 이상 증세는 대부분 치료받을 필요가 없습니다. 그러나 특별한 손상 없이 손톱과 발톱의 색깔, 모양, 전반적인 상태가 변한다면 의사와 상담해야 합니다. 소아기부터 발생하는 손·발톱의 곤봉화 현상은 유전병이 원인인 것으로 보입니다. #이 곤봉화 현상은 비가역적이라 회복되지 않으며 검사가 필요없다.

그러나 일단 기저질환이 치료되면 손톱이 새롭게 자라면서 비정상 조직을 대체하게 된다. 이런 과정은 시간이 많이 소요된다. 비정상 손톱은 6-9개월 정도 자라는 시간이 필요하지만 발톱은 더 많은 시간이 소요된다. 이 기간 중 손상된 손·발톱은 정기적인 관리를 통해 상태를 유지할 수 있다.",http://www.snuh.org/health/encyclo/view/6/6/6.do
PARONYCHIA,조갑주위염,"손·발톱 주변의 피부 주름이 감염되는 것을 말합니다.

생활습관 : 물에 손을 자주 담그는 것이 위험 요인이다.
연령, 성별, 유전 : 주요 위험 요인이 아니다.
#
손·발톱 주위의 피부 주름이 감염되는 것을 조갑 주위염이라 한다. 조갑 주위염은 기저질환에 따라 급속히 또는 수개월에 걸쳐 진행되며 통증과 종창을 일으킨다.",급성 조갑 주위염은 피부 손상으로 인해 손·발톱 주위에 세균이 감염되기 때문에 발생합니다. 만성 조갑 주위염은 지속적으로 물을 만지는 요리사들에게 많이 발생합니다. #손·발톱 주위의 피부가 손·발톱에서 박리되면서 주로 곰팡이류에 의해 침입을 받는다. 또한 세균의 이차 감염에 의해 급성 조갑 주위염으로 진행될 수도 있다. 당뇨병 환자처럼 감염에 대한 저항력이 떨어진 환자들에게 잘 생긴다.,"대개 급성 조갑 주위염의 증상은 24시간 내에 발생하며 다음과 같은 증상이 나타납니다.

* 손·발톱 주위의 주름에 통증과 종창이 생긴다.
* 손·발톱 주위에 농이 발생한다.
#
만약 조갑 주위염을 치료하지 않고 방치하면 손·발톱 박리를 가져오며, 결국은 손톱이나 발톱이 빠진다. 만성 조갑 주위염의 증상은 몇 개월에 걸쳐 발생한다. 주로 종창과 불편감이 생길 수 있지만 농은 형성되지 않는다. 손상된 손·발톱은 다소 두꺼워지며 수평으로 능과 같은 부분이 생기고 갈색으로 변한다.","급성 조갑 주위염에는 경구 항생제를 처방합니다. 심할 경우에는 국소마취 후에 배농할 수도 있습니다. #만성 조갑 주위염은 항진균제를 포함하는 일반 의약품으로 치료할 수 있으나, 만약 이차 감염이 있으면 항진균제나 항생제를 처방할 것이다. 만성 조갑 주위염을 예방하기 위해서는 손을 씻고 난 후 완전히 말려야 하며, 안쪽에 면을 댄 고무장갑을 사용해야 한다.",http://www.snuh.org/health/encyclo/view/6/6/7.do
PHOTOSENSITIVE,광과민성,"자외선에 대한 피부의 과민 반응을 말합니다.

연령, 성별, 유전, 생활습관 : 주요 위험 요인이 아니다.
#
광과민성이란 태양광선 중 자외선에 대한 피부의 비정상적인 반응으로, 태어나면서부터 생길 수도 있고 나이가 든 후에 발생하기도 한다. 테트라사이클린계, 이뇨제, 경구 피임제 같은 약제, 특정 화장품 등 여러가지 물질들이 광과민성을 유발한다. 때로는 전신성 홍반성 낭창 환자에게 발생하기도 한다. 특정한 원인이 없는 경우를 1차성 광과민성이라고 한다.","광과민성이란 태양광선 중 자외선에 대한 피부의 비정상적인 반응으로, 태어나면서부터 생길 수도 있고 나이가 든 후에 발생하기도 합니다.#","얼굴이나 손과 같이 주로 태양광선에 자주 노출되는 부위에 발생합니다. 노출 후 곧 발생하지만 24-48시간 후에 나타나기도 합니다.

* 적색의 통증을 동반한 발진이 나타난다.
* 작고 가려운 수포들이 생긴다.
* 인설성 피부
#
후반기에는 손톱이 손톱 바닥에서 들뜰 수도 있다. 때때로 노출된 모든 피부가 벌겋게 될 수도 있다. 심한 경우에는 외출이 불가능한 경우도 있다.","피부 상태만 보고도 진단이 가능합니다. 특정 약제에 의한 것으로 생각될 때에는 다른 약으로 대체해줄 것입니다. 기저질환을 확인하기 위해 혈액검사가 필요할 수도 있습니다. #증상을 호전시키기 위해 국소적 스테로이드제, 경구 항히스타민제를 사용할 수도 있다.

심한 경우에는 피부를 탈감작시키기 위해 자외선 노출 치료를 하고, 약물치료와 병행하기도 한다. 외출시에는 모자를 쓰거나 피부차단제를 사용하는 등, 가능하면 태양광선에 노출되지 않는 것이 좋다.",http://www.snuh.org/health/encyclo/view/6/2/10.do
PILONIDAL-SINUS,모소동,"엉덩이 상부 붕앙에 움푹 패인 공간이 생긴 것으로 종종 털이 자라나기도 합니다.

연령 : 젊은이들에게 흔하다.
성별 : 남성에게 흔하다.
유전, 생활습관 : 주요 위험 요인이 아니다.
#
모소동은 양쪽 엉덩이 사이 위쪽의 피부 밑에 위치하는 작은 함몰된 공간으로, 태어날 때부터 그 부분에 발달장애가 있는 것으로 생각된다. 이곳에 나는 체모는 안쪽을 향해 성장하며 이는 염증을 일으킬 수 있으므로 통증이 있는 농양을 형성하게 된다. 감염의 징후를 보이면 농양이 생기는 것을 막기 위해 즉각적인 대처가 필요하다. 따뜻한 물에 담그면 불편감을 해소할 수 있다. 의사와 상담하여 항생제를 복용하고, 만약 농이 형성되면 전신마취하에 농을 빼내고 치유될 때까지 열어놓아야 한다.","모소동은 양쪽 엉덩이 사이 위쪽의 피부 밑에 위치하는 작은 함몰된 공간으로, 태어날 때부터 그 부분에 발달장애가 있는 것으로 생각됩니다#",엉덩이 상부 붕앙에 움푹 패인 공간이 생긴 것으로 종종 털이 자랍니다.#,"따뜻한 물에 담그면 불편감을 해소할 수 있습니다. 의사와 상담하여 항생제를 복용하고, 만약 농이 형성되면 전신마취하에 농을 빼내고 치유될 때까지 열어놓아야 합니다.#",http://www.snuh.org/health/encyclo/view/6/6/5.do
PITYRIASIS-ROSEA,장미색 잔비늘증,"분홍빛의 계란 모양이며, 주로 몸통과 사지에 발생하는 편평한 반점을 말합니다.

연령 : 주로 젊은 성인들에게 많이 발생한다.
성별, 유전, 생활습관 : 주요 위험 요인이 아니다.
#
장미색 비강진은 분홍빛의 발진으로, 젊은 성인들에게 많이 생긴다. 주로 몸통, 팔, 허벅지에 발생하며 드물게는 발, 손, 두피에도 발생한다. 바이러스 감염이 원인으로 추정된다.",바이러스 감염이 원인으로 추정됩니다.#,"보통 다음과 같은 순서로 발생합니다.

* 원발반이라 불리는, 지름 2-6cm 정도의 계란 모양 발진이 나타나는데 반점은 백선과
  비슷하다.
* 3-10일 후 많은 수의 1-2cm 크기의 계란 모양의 편평한 분홍색 반점이 생기고, 발진은
  체간에서 복부, 허벅지, 상지, 목 부위로 퍼져나가며 등의 반점은 크리스마스 트리 모양과
  비슷하며 피부의 할선과 일치한다.
* 일주일 후에 반점 주위로 인설성 경계가 나타난다.
#
가려움증이 생길 수 있다. 건선이나 습진과 구별하려면 의사의 진찰을 받는 것이 중요하다.",모양이 특징적이므로 쉽게 진단됩니다. 대개는 치료를 하지 않아도 6-8주 후에 없어지며 재발할 가능성은 적습니다.#,http://www.snuh.org/health/encyclo/view/6/2/9.do
PSORIASIS,건선,"피부가 부분적으로 붉어지면서 두꺼워지고 인설이 생기는 질환을 말합니다.

유전 : 때로 가족력을 보인다.
생활 습관 : 스트레스를 받으면 심해질 수 있다.
연령 : 유형에 따라 위험 요인이 될 수 있다.
성별 : 남녀간 차이가 없다.
#
건선은 서유럽, 호주, 남아메리카, 일부 아시아 국가와 아프리카에서 흔한 피부질환이다. 여러 종류가 있고 대부분 치료가 어려우며 일생을 통해 여러 차례 재발한다. 두껍고 인설(은백색의 돌비늘처럼 보이는 각층)이 있으며 붉은색 피부 병변이 모든 건선에서 나타난다. 병변 부위가 항상 가려운 것은 아니지만, 전신의 여러 부위에 생기는 경우 신체적 불쾌감 외에도 사회활동에 지장을 줄 수 있다.

병변 부위에서는 사멸한 세포가 떨어져나가는 것보다 새로운 피부세포들이 더 빠르게 재생하여 피부가 두터워진다. 건선의 원인은 알려지지 않았으나 감염, 손상, 스트레스에 의해 심해질 수 있다. 일부 유전적인 성향을 보이는 것으로 보아 유전 요인이 관여하는 것으로 생각된다. 건선 환자 가운데 약 1/3이 가까운 친척 중에 같은 질환을 앓고 있다. 항우울제, 고혈압 치료제, 베타 차단제 때문에 건선이 유발되는 경우도 있다.","어린이와 청소년들의 경우 세균성 인후 감염 후에 발생합니다. 갑자기 성인들에게 발병하며, 노인에게 쉽게 생깁니다#","가장 흔한 형태로 어떤 연령에서나 발생할 수 있으며, 다음의 증상이 나타납니다.
* 판이라고 불리는, 표면에 인설이 있는 두꺼운 홍반이 나타난다. 이 판은 주로 팔꿈치, 무릎,   등의 아래쪽, 두피, 귀 뒤, 머리선 등에 잘 나타나며 때로는 오래된 흉터에서도 발생한다.
* 가려움증이 간헐적으로 나타난다.
* 손톱에 작은 구멍이 생기며 변색된다. 심한 경우에는 손톱이 손톱 바닥으로부터 들뜬다.
* 판형 건선의 증상은 수주에서 수개월간 지속되며 간헐적으로 재발하기도 한다.
#","피부 상태를 검진한 후 건선의 유형을 진단하여 치료하게 됩니다.
<국소 요법>
주로 피부완화제와 차단제로 건선을 치료한다.
다른 방법으로 비타민D 유도체인 칼시포트리올을 국소적으로 사용할 수 있다.

<전신 요법>
국소적 치료에 반응하지 않는 광범위한 부위의 건선에 대해서는 치료적 자외선요법이 종종 효과를 나타낸다.
정기적으로 적은 양의 태양광선을 쬐는 것도 건선을 치료하는 데 도움이 된다. 
#

매우 심한 농포성 건선의 경우, 국소 요법이 효과가 없을 때는 경구약 또는 정맥주사제로 레티노이드 약물, 메토트렉세이트, 사이클로스포린 등을 투여하는 방법을 사용하기도 한다. ",http://www.snuh.org/health/encyclo/view/6/2/1.do
PURPURA,자반증,"적자색의 반점이 피부에 나타나는 증상을 말합니다.

연령, 성별, 유전, 생활습관 : 원인에 따라 위험 요인이 달라진다.
#
적자색의 반점 또는 멍든 것 같은 변색이 피부에 발생하는 것이 자반증이다. 이는 피부 밑에서 출혈이 있는 것으로, 혈관이 손상받거나 혈액 자체가 비정상적일 때 생긴다. 반점의 형태는 다양하며, 크기도 머리핀 정도부터 약 2.5cm까지 다양하다. 다른 적색 발진들과는 달리 자반은 눌러도 희미해지거나 없어지지 않는다. 자반 자체가 해로운 것은 아니나 때로는 심각한 기저질환이 있음을 알려주는 표시일 수 있으므로 유의해야 한다.",노인성 자반증은 피부 밑에서 혈관을 지탱하는 조직들이 약해져서 쉽게 손상을 받아 출혈을 일으켜 발생합니다. 이 혈소판 감소증은 백혈병과 같은 여러 골수 질환 또는 자가면역 질환과 연관됩니다. #또한 이뇨제나 항생제 등 일부 약제에 의한 부작용으로도 발생할 수 있다. 혈액 내 세균 감염이 심할 때 나타날 수 있다.,"손등과 팔등, 허벅지에 어두운 멍이 나타납니다. 노인성 자반증은 피부 밑에서 혈관을 지탱하는 조직들이 약해져서 쉽게 손상을 받아 출혈을 일으켜 발생합니다. 매우 작은 자반성 병변들이 생깁니다. #뇌수막구균에 의해 피부에 자반이 나타날 수 있으므로 발열이 자반과 동반될 경우에는 빨리 병원에 가야 한다. 드문 유형으로 헤노흐-쉔라인 자반증이 있다. 이것은 어린이들에게 주로 발생하며 소혈관의 혈관염이 원인이다. 이런 경우의 자반은 작고 볼록 솟아오르는 형태를 보인다.
","노인성 자반증은 멍든 것 같은 반점 모양으로 진단할 수 있습니다. 이는 특별히 병적인 상태는 아니므로 치료할 필요가 없습니다. #자반은 점차 없어지지만 다시 발생하기 쉽다. 뇌수막염과 같은 분명한 기저질환이 있을 경우에는 치료를 받아야 하지만, 자반의 원인이 분명치 않으면 혈소판 수치나 응고 상태를 살펴보기 위해 혈액검사가 필요할 수도 있다. 혈액검사 결과가 비정상적이면 담당의사는 좀더 자세한 정밀 검사를 위하여 그 분야의 전문가에게 의뢰할 수도 있다. 혈소판 수치가 너무 낮으면 뇌출혈과 같은 심한 내부 출혈이 발생할 수 있으므로 이를 예방하기 위하여 혈소판 수혈이 필요한 경우도 있다. 원인질환이 치료되면 자반증도 사라질 수 있다. 자반증이 자가면역 질환 때문에 나타난 것이라면 스테로이드제(면역억제제)를 처방한다.",http://www.snuh.org/health/encyclo/view/6/2/13.do
RINGWORM,백선,"가렵고 붉은 빛을 띠는 병변이 주로 두피에 둥근 모양으로 나타난다. 곰팡이 감염에 의해 발생합니다.

성별, 연령, 생활습관 : 종류에 따라 위험 요인이 달라진다.
유전 : 주요 위험 요인이 아니다.
#
백선은 곰팡이에 의해 발생하는데, 가렵고 붉은 빛을 띠며 원형으로 생긴 반이다. 생기는 부위에 따라 체부 백선, 두부 백선, 음부 백선으로 나눌 수 있다. 두부 백선은 어린이들에게 흔하며 주위 사람들에게 옮길 수 있고, 개나 고양이 같은 동물에 의해서도 전염될 수 있다. 음부 백선은 주로 남성들에게 생기는데 특히 무좀이 있는 사람에게 흔하다.모든  종류의 백선은 당뇨병이나 후천성 면역결핍 증후군 환자 등 면역력이 떨어진 사람들에게 흔하다.","백선은 곰팡이에 의해 발생하는데, 가렵고 붉은 빛을 띠며 원형으로 생긴 반입니다. 모든  종류의 백선은 당뇨병이나 후천성 면역결핍 증후군 환자 등 면역력이 떨어진 사람들에게 흔합니다. 어린이들에게 흔하며 주위 사람들에게 옮길 수 있고, 개나 고양이 같은 동물에 의해서도 전염될 수 있습니다. #백선은 곰팡이에 의해 발생하는데, 가렵고 붉은 빛을 띠며 원형으로 생긴 반이다. 모든  종류의 백선은 당뇨병이나 후천성 면역결핍 증후군 환자 등 면역력이 떨어진 사람들에게 흔하다. 주로 남성들에게 생기는데 특히 무좀이 있는 사람에게 흔하다.모든 종류의 백선은 당뇨병이나 후천성 면역결핍 증후군 환자 등 면역력이 떨어진 사람들에게 흔하다. 백선은 곰팡이에 의해 발생하는데, 가렵고 붉은 빛을 띠며 원형으로 생긴 반이다. 모든  종류의 백선은 당뇨병이나 후천성 면역결핍 증후군 환자 등 면역력이 떨어진 사람들에게 흔하다.","다음과 같은 증상이 며칠에서 몇 주에 걸쳐 나타납니다.

* 먼저 작은 원형의 인설을 동반한 홍반성 반이 나타난다.
* 1-2주가 지나면 반이 더 생긴다.
* 홍반성 반은 점점 커져서 정상적인 중앙 부위 주변으로 인설을 동반한 반지 모양의 반으로 변한다.
#
두피 백선이 있는 경우에는 머리카락이 모근 근처에서 부러져 불규칙한 모양의 탈모를 형성하며(탈모증) 서혜부 백선인 경우에는 허벅지와 엉덩이 피부로 확산된다.","의사는 모양을 보고 진단하거나, 피부를 긁어서 생긴 인설을 현미경으로 관찰하여 곰팡이 때문인지를 확인할 수도 있습니다. 국소 도포용 항진균제로 치료를 하며 두부 백선인 경우나 병변이 광범위할 경우엔 경구용 항진균제를 복용합니다. #치료 기간은 보통 수주 이상이 소요된다. 음부 백선이 재발되는 것을 막으려면 음부를 청결하고 건조하게 유지해야 한다.",http://www.snuh.org/health/encyclo/view/6/4/5.do
ROSACEA,주사,"이마와 뺨에 만성적으로 발생하는 홍조, 발진을 말합니다.

연령 : 30-55세 사이에 많이 나타난다.
성별 : 여성에게 흔하다.
유전 : 종종 가족력을 보인다.
생활습관 : 음주, 커피, 자극성 음식을 섭취하면 악화된다.
#
안면 중앙부에 발진이 발생하며 때로 소양증이나 화끈거리는 증상이 나타난다. 원인은 확실히 밝혀지지 않았지만 종종 가족적으로 발생하는 것으로 보아 유전 요인이 일부 관여한다고 알려져 있다. 30-55세 사이의 여성에게 잘 나타난다. 발진은 자극성 음식, 알코올, 커피를 먹거나 더운 방에 들어가면 악화된다.","원인은 확실히 밝혀지지 않았지만 종종 가족적으로 발생하는 것으로 보아 유전 요인이 일부 관여한다고 알려져 있습니다. #30-55세 사이의 여성에게 잘 나타난다. 발진은 자극성 음식, 알코올, 커피를 먹거나 더운 방에 들어가면 악화된다.","주사의 첫 증상은 대개 안면 홍조인데 악화 요인에 노출된 후 뺨과 이마에 나타납니다. 나중에는 발진이 생기는데 처음에는 간헐적으로 나타나다가 점점 영구적으로 된다. 다른 증상은 다음과 같습니다.

* 피부가 붉고 푸석푸석하다.
* 희거나 노란 구진이 생긴다.
* 작은 혈관이 보인다.
* 병변 부위에 소양증과 화끈거림이 나타난다.
#
만약 코에 주사가 생기면 두꺼워지고 부풀어오르며 적자주색을 띠는데 이를 비류라고 한다. 이는 장년 남성들에게 많이 발생한다. 환자의 약 25% 정도에서는 결막염 증상이 나타난다.","주사를 악화시킬 수 있는 요인들, 즉 자극성 음식, 알코올, 커피, 햇빛, 국소적 스테로이드제의 사용 등을 피해야 합니다.

국소 치료제로는 메트로니다졸 젤, 국소 항생제가 많이 쓰입니다. 국소 치료제로 호전되지 않으면 경구 항생제인 테트라사이클린이나 경구 레티노이드 약물이 사용됩니다. 보통 치료 효과가 나타나려면 몇 주 정도 걸립니다.
#
비류가 발생하면 수술 요법이나 박피술 등이 필요하다. 주사는 대개 수년간 지속되며 남성들은 평생 지속되기도 한다.",http://www.snuh.org/health/encyclo/view/6/3/2.do
SCABIES,옴,"진드기에 의해 발생하는 피부병의 일종을 말합니다.

연령 : 대개 어린이나 젊은이들에게 생긴다.
생활습관 : 대개 밀집해서 거주할 경우 위험 요인이 된다.
성별, 유전 : 주요 위험 요인이 아니다.
#
옴은 진드기가 피부의 바깥층에 수도를 파서 그곳에 알을 낳기 때문에 생기는 병이다. 몇 주 동안 증상이 없다가 유충이 부화하고 진드기로 자라면 피부는 진드기 배설물에 민감해지고 심한 가려움증이 나타나게 된다. 특히 어린이나 젊은이들에게 잘 생기는 것으로 알려져 있다. 옴은 전염력이 강하여 밀접한 접촉에 의해서도 전파되며, 사람들이 많이 모여 사는 곳에서 주로 잘 전파된다. 그리고 오랫동안 손을 잡거나 성접촉에 의해서도 나타날 수 있다.","옴은 진드기가 피부의 바깥층에 수도를 파서 그곳에 알을 낳기 때문에 생기는 병입니다. 몇 주 동안 증상이 없다가 유충이 부화하고 진드기로 자라면 피부는 진드기 배설물에 민감해지고 심한 가려움증이 나타나게 됩니다. #특히 어린이나 젊은이들에게 잘 생기는 것으로 알려져 있다. 옴은 전염력이 강하여 밀접한 접촉에 의해서도 전파되며, 사람들이 많이 모여 사는 곳에서 주로 잘 전파된다. 그리고 오랫동안 손을 잡거나 성접촉에 의해서도 나타날 수 있다.","감염 후 4-6주경에 증상이 나타납니다.

* 약간 융기되고 지름이 약 1cm 정도 되는, 핑크빛 또는 붉은색의 점이 생긴다.
* 특히 밤에 무척 가렵다.
* 손가락이나 발가락 사이에 수도라는 갈색의 선상 병변이 나타난다.
#
가려움은 피부발진이 나타나기 전에 생길 수 있으며 피부발진이 다 사라진 후에도 3주 정도 지속될 수 있다.","옴은 발진의 모양을 보고 진단하며, 피부를 긁어 현미경으로 확인합니다. 치료는 목 이하의 전신에 항기생충 로션을 바른 후 8-24시간 이내에 씻어내는 방법을 이용합니다. #가려움증을 줄이기 위해 국소적 스테로이드제를 사용할 수도 있다. 환자와 밀접하게 접촉한 사람도 함께 치료한다.",http://www.snuh.org/health/encyclo/view/6/4/11.do
SEBORRHEIC-DERMATITIS,지루성 피부염,"주로 두피, 얼굴, 가슴에 나타나는, 가려움증을 동반한 적색의 인설이 있는 피부 병변을 말합니다.

생활습관 : 스트레스에 의해 유발될 수 있다.
연령, 성별, 유전 : 주요 위험 요인이 아니다.
#
지루성 피부염은 유아와 성인들에게 흔히 발생하는 발진이다. 유아에서는 두피 또는 기저귀를 찬 부위에 발진이 생길 수 있고 성인들에겐 얼굴의 중심부, 눈썹 부위, 두피 등에 발생하여 피부에 비듬을 유발한다. 지루성 피부염은 겨드랑이, 사타구니, 또는 가슴에도 발생할 수 있다. 원인은 알려지지 않았으나, 피부의 표면에 살고 있는 진균 같은 생물의 과성장과 관련이 있는 것으로 나타나 있다. 접촉성 피부염은 스트레스나 질병에 의해 재발되거나 심해질 수 있다.","지루성 피부염의 원인은 아직 확실하지 않습니다. 유전적 요인, 가족력, 음식물, 곰팡이균의 활동, 세균 감염, 호르몬의 영향, 정신적 긴장 등 여러 요인이 작용하는 것으로 추측하고 있습니다.#","지루성 피부염은 다음과 같은 증상이 나타납니다.
* 인설성, 염증성 적색 반점이 나타난다. 때로는 노란 딱지가 앉는다.
* 눈꺼풀이 아프고 빨갛게 변하며 딱지가 있다(안검염).
* 비듬이 많이 생긴다.
* 종종 가려움증이 나타난다.
#
발진은 간헐적으로 수개월 또는 수년 만에 악화되기도 한다.",진균이 과다 성장한 경우에는 국소적 스테로이드제 또는 항진균제를 처방합니다. 그리고 두피에 지루성 피부염이 발생한 경우에는 항진균제 샴푸나 코울타르 샴푸를 사용합니다.#,http://www.snuh.org/health/encyclo/view/6/2/5.do
SEBORRHEIC-KERATOSIS,지루 각화증,"해롭지 않은 색소성의 사마귀 같은 병변을 말합니다.

연령 : 나이가 많을수록 증가한다.
성별, 유전, 생활습관 : 특별한 연관 인자가 없다.
#
지루각화증은 갈색이나 검정색의 해롭지 않은 피부 종양이다. 주로 몸통에 생기지만 머리와 목, 손등이나 전완부에도 발생한다. 노령층에 흔하며, 한 개 또는 무리지어 발생할 수 있다.","아직까지 지루각화증의 정확한 원인은 알 수 없으나 자외선, 유전, 노화, 스트레스 등과 관련이 크다고 알려져 있고 특히 자외선과 노화가 연관성이 가장 많다고 알려져 있습니다.#","가피가 있는 반으로, 가피는 피부에 달라붙어 있는 느낌이 드는 특징을 보입다. 그리고 대개 다음과 같은 특징을 보입니다.

* 통증은 없지만 가려울 수 있다.
* 2cm 정도까지 커질 수 있다.
* 표면이 기름지고 거칠다.
* 갈색 또는 검정색을 띤다.
* 융기되어 있거나 편평하다.
#
드물게는 수백 개의 병변이 생길 수 있다.","우선 의사와 상의해서 심각한 병변이 아닌지 알아봐야 합니다. 만약 지루각화증이라면 냉동 치료, 절제, 소작술 등으로 제거할 수 있습니다. 이런 치료는 상처나 흉터를 거의 남기지 않습니다. 잘 재발하지는 않지만 감수성이 있는 환자는 새로운 병변이 신체의 다른 부위에 생길 수 있습니다. 병변은 2cm 정도까지 커질 수 있습니다.#",http://www.snuh.org/health/encyclo/view/6/3/17.do
SKIN-CANCER,피부암,"대부분 햇빛에 오래 노출되는 것과 관련이 있습니다.

유전 : 피부색이 옅은 경우에는 더 위험할 수 있다.
생활습관 : 햇빛에 노출되는 것이 위험 요인이다.
연령, 성별 : 유형에 따라 위험 요인이 달라진다.
#
우리나라에서는 피부암이 그리 흔하지는 않지만, 미국에서 가장 흔한 암이다. 최근에는 전세계적으로 발생 빈도가 증가하고 있으며 피부암이 발견된 환자만 해도 수백만 명에 이른다.

대개의 피부암 원인은 해로운 자외선에 오랫동안 노출되는 것이다. 햇빛에 많이 노출되거나 적도 부근에 살거나 하면 피부암에 걸릴 위험이 더 증가한다. 최근 들어 피부암 발생 빈도가 늘어나고 있는 것은 해로운 자외선에 대해 보호막 역할을 하던 오존층이 파괴되었기 때문인 것으로 보인다. 바깥 활동이 많거나 어린 시절 햇빛에 화상을 입은 적이 있으면 피부암에 걸릴 위험이 크다.

또 피부색을 결정하고 해로운 자외선으로부터 피부를 보호해주는 멜라닌 색소의 농도가 낮은 흰색 피부도 마찬가지이다. 햇빛 노출을 자제하여(햇빛으로부터의 안전) 피부암의 위험을 줄이고, 정기적으로 등이나 두피의 피부도 관찰하는 것이 좋다.",대개의 피부암 원인은 해로운 자외선에 오랫동안 노출되는 것입니다. 햇빛에 많이 노출되거나 적도 부근에 살거나 하면 피부암에 걸릴 위험이 더 증가합니다. #최근 들어 피부암 발생 빈도가 늘어나고 있는 것은 해로운 자외선에 대해 보호막 역할을 하던 오존층이 파괴되었기 때문인 것으로 보인다. 바깥 활동이 많거나 어린 시절 햇빛에 화상을 입은 적이 있으면 피부암에 걸릴 위험이 크다.,"피부암은 다음과 같은 증상을 보입니다.
* 작고 통증이 없는 병변으로, 혈관이 분포된 부드러운 표면이 있다. 핑크색 내지 회갈색을
  띠며, 표면이 진주처럼 약간 윤기가 나면서 매끈하다.
* 멍울이 서서히 커지며 중앙 부위는 약간 함몰되고 경계 부위는 말려 있는 것처럼 보인다.
* 치료를 하지 않으면 궤양이 생길 수 있으며 가끔씩 출혈이 유발될 수 있다.#","피부암은 일찍 진단하면 완치가 가능합니다. 잘 낫지 않고 크기가 점점 커지는 피부 병변이 있을 때는 빨리 의사에게 진찰을 받고, 필요하면 피부조직 검사를 해야 합니다. #조직 검사는 병변의 피부를 조금 떼어내 현미경으로 세포를 관찰하는 것이다. 피부암의 종류와 침범 정도에 따라 치료 방법과 예후가 결정된다. 어떤 경우는 침범된 피부만 치료하면 낫는 수도 있다. 대개의 피부암은 외과적으로 절제를 해야 하며 피부암이 넓은 부위를 침범한 경우엔 피부이식이 필요할 수도 있다. 피부 외의 다른 부위로 퍼진 경우에는 방사선 치료나 항암 화학요법이 필요할 수도 있다.",http://www.snuh.org/health/encyclo/view/6/3/8.do
SKIN-TAG,쥐젖,"목, 겨드랑이, 몸통에 줄기처럼 매달려 있는 혹을 말합니다.

연령 : 나이가 많을수록 증가한다.
생활습관 : 과체중이 위험 요인이다.
성별, 유전 : 특별한 연관 인자가 없다.
#
쥐젖은 작은 피부 종양으로 피부에 매달려 있으며, 주변 피부보다 진한 경우가 많다. 대부분 자연적으로 발생하나 완전히 치유되지 않은 상처 때문에 발생할 수도 있다. 쥐젖은 신체 어느 부위에나 발생할 수 있지만 목, 몸통, 사타구니, 겨드랑이 등에 주로 생긴다. 대부분 몸에는 해롭지 않으나 옷 등에 자극될 경우 피가 나거나 아플 수 있다. 나이가 많거나 비만인 경우에는 쥐젖이 생기기 쉽다. 만약 쥐젖을 없애고 싶거나 옷에 스쳐 아플 때에는 의사와 상담하여 국소마취 후 제거한다.",대부분 자연적으로 발생하나 완전히 치유되지 않은 상처 때문에 발생할 수도 있습니다. 나이가 많거나 비만인 경우에는 쥐젖이 생기기 쉽습니다.#,"쥐젖은 작은 피부 종양으로 피부에 매달려 있으며, 주변 피부보다 진한 경우가 많습니다. #",만약 쥐젖을 없애고 싶거나 옷에 스쳐 아플 때에는 의사와 상담하여 국소마취 후 제거합니다.#,http://www.snuh.org/health/encyclo/view/6/3/16.do
TINEA-VERSICOLOR,어루러기,"발에 생기는 곰팡이 감염을 말합니다.

연령 : 젊은이들에게 흔하다.
생활습관 : 오랜 시간 통풍이 안 되는 양말을 신을 경우에 잘 생긴다.
성별, 유전 : 주요 위험 요인이 아니다.
#
무좀은 발가락 사이에 많이 발생하는 진균 감염으로, 따뜻하고 습한 곳에서 사는 일부 곰팡이에 의해 생긴다. 무좀은 땀을 많이 흘리고 꼭 끼는 신발을 오래 신고 있는 젊은이들에게 흔하다. 어린이들에겐 드물다. 탈의실이나 수영장을 맨발로 다니는 것으로도 옮을 수 있다.",따뜻하고 습한 곳에서 사는 일부 곰팡이에 의해 생깁니다. 무좀은 땀을 많이 흘리고 꼭 끼는 신발을 오래 신고 있는 젊은이들에게 흔합니다. 어린이들에겐 드뭅니다. #탈의실이나 수영장을 맨발로 다니는 것으로도 옮을 수 있다.,"유일한 증상은 통증 없는 갈색의 반이 목, 가슴, 어깨 등에 나타나는 것입니다. 이 반은 다음과 같은 특성을 보입니다.

* 크기는 다양하며, 모양은 원형으로 편평하게 생겼고 경계가 뚜렷하다.
* 분홍빛을 띤 갈색으로 주변 피부가 햇빛에 그을리면 더 뚜렷해진다. 갈색 피부에서는 옅은 색을 띠며 외부에서는 짙게 착색되기도 한다.
#
치료를 하지 않고 그대로 두면 반이 점점 퍼져서 계속 남아 있게 된다.","육안으로 쉽게 진단할 수 있으며, 때로 피부를 긁어서 생긴 인설을 현미경으로 관찰하여 곰팡이를 확인할 수도 있습니다. 치료는 세레니움 설파이드가 들어 있는 샴푸로 씻어내거나 항진균제를 바르는 것입니다. #치료를 철저히 하면 보통 2-3주 내에 회복되지만, 피부가 정상 색깔로 돌아오는 데는 몇 주가 더 걸린다. 샴푸를 바르지 않은 부위가 있으면 재발한다.",http://www.snuh.org/health/encyclo/view/6/4/7.do
VITILIGO,백반증,"멜라닌 색소가 결핍되어 발생하는 백색 반점을 말합니다.

연령 : 젊은 성인들에게 흔하다.
유전 : 때로 가족력을 보인다.
성별, 생활습관 : 주요 위험 요인이 아니다.
#
백반증은 피부 색깔에 관여하는 멜라닌 색소가 결핍되어 백색 반점이 생기는 질환이다. 유색 인종들에게 더 뚜렷이 나타난다. 20세 이전에 발병하는 경우가 전체의 약 절반 정도를 차지한다. 백반증 자체의 증상은 없으나 피부색이 변한 것 때문에 일부 환자는 정신적 스트레스를 심하게 받기도 한다.","피부에서 멜라닌 색소를 만들어내는 세포를 공격하는 자가 항체에 의해 발생하는 자가면역 질환으로 추정됩니다. 약 3분의 1 정도가 가족력을 보이고 있으며, 그와 비슷한 정도의 환자에서 악성 빈혈 같은 또다른 자가면역 질환이 존재하는 것으로 나타나고 있습니다.#","피부 색깔이 하얗게 변하는 것은 수개월 또는 수년에 걸쳐 서서히 나타납니다.

* 백색 반점은 어느 부위에나 나타날 수 있지만 주로 얼굴과 손에 생긴다.
* 어떤 경우에는 모낭의 색소 소실로 피부 병변이 있는 부위에 흰 털이 날 수도 있다.
백반증 환자들은 전신에 흰 병변이 대칭적으로 있는 경우가 많다.
#","진단은 대개 육안으로 가능하나 또다른 피부 변색 질환인 어루러기나 곰팡이 질환인지의 여부를 감별하기 위해 피부 검사가 필요할 수 있습니다. 그리고 다른 자가면역 질환은 아닌지 확인하기 위해 혈액검사를 할 수 있습니다.#

증상이 심하지 않으면 화장품으로 병변 부위를 가릴 수 있기 때문에 다른 치료가 필요없는 경우도 많다. 그렇더라도 병변 부위를 햇빛에 심하게 노출되지 않도록 하고 자외선차단제를 사용한다. 자외선 치료가 도움이 될 수 있지만 몇 개월이 걸리고 치료 전에 광선에 대한 피부의 민감도를 높이기 위해 소랄렌이라는 약을 먹어야 한다.

백반증은 완치되지 않으며 탈색 부위가 서서히 커질 수 있다. 하지만 환자 10명 중 3명은 저절로 좋아지기도 한다.",http://www.snuh.org/health/encyclo/view/6/3/5.do
ATOPY,아토피,"피부가 접히는 부위에 생기는 가려운 염증을 말합니다.

연령 : 보통 유아기에 처음 나타나지만 때로는 성인기까지 지속된다.
유전 : 종종 가족력을 보인다.
생활습관 : 너무 낮거나 높은 온도, 특정 음식 또는 스트레스로 악화될 수 있다.
성별 : 주요 위험 요인이 아니다.
#
심한 가려움증을 동반하는 전형적인 아토피성 피부발진은 보통 유아기에 처음 나타나서 아동기에는 종종 사라진다(어린이 습진). 그러나 때로는 청소년기까지 피부발진이 악화되거나 어른이 되어서도 지속되는 경우가 있다.

아토피성 피부염은 가족 중에 천식이나 알레르기 비염 같은 알레르기 질환이 있는 경우에 흔히 생긴다. 성인기에 피부발진이 악화되는 경우도 있다. 이것은 스트레스, 온도 변화, 특정 음식에 대한 알레르기 반응과 연관되어 있기도 하지만 대개는 뚜렷한 원인을 찾을 수 없다.","아토피성 피부염은 가족 중에 천식이나 알레르기 비염 같은 알레르기 질환이 있는 경우에 흔히 생깁니다. 성인기에 피부발진이 악화되는 경우도 있습니다. 이것은 스트레스, 온도 변화, 특정 음식에 대한 알레르기 반응과 연관되어 있기도 하지만 대개는 뚜렷한 원인을 찾을 수 없습니다. #","발진은 보통 판 모양으로 손목, 무릎 뒤쪽, 팔꿈치 안쪽과 같이 피부가 접히는 부위와 손에 생깁니다. 다음과 같은 증상이 생길 수 있습니다.

* 피부에 발적이 일어나고 부어오른다.
* 작고 물이 찬 수포가 생긴다.
* 특히 밤에 가려움증이 심해진다.
* 피부가 건조해지고 인설이 생기며 갈라진다.
#
때로는 발진이 생긴 부위에 세균 감염이 발생해서 더욱 붓고 아프기도 하다.","보통 증상을 보고 아토피성 습진을 진단할 수 있습니다. 염증을 가라앉히기 위해 국소적 스테로이드제가 사용되는데, 발진이 낫기 시작하면 바르는 양과 바르는 횟수를 줄이도록 합니다.#",http://www.snuh.org/health/encyclo/view/6/2/3.do
